{
    "Home": "銀行首頁",
    "Liquidity": "流動資金",
    "Swap": "資產兌換",
    "Stake": "質押獲利",
    "Portfolio": "資產總覽",
    "Connect Wallet": "連接錢包",
    "Disconnect": "退出錢包",
    "Welcome to TiFi Bank!": "歡迎來到TiFi銀行!",
    "The First Decentralized Exchange for Allverse": "這裡是第一個面向全宇宙的去中心化交易所",
    "Exchange Cryptos with other Cryptos": "用加密貨幣兌換其他的加密貨幣",
    "GO TO SWAP": "去兌換",
    "Enjoy Earning by Providing Liquidity": "向流動池注入資金，分享利息回報",
    "GO TO LIQUIDITY": "注入資金",
    "Provide Observerbility of Pool Portfolio": "總覽各個流動資金池",
    "GO TO PORTFOLIO": "去看看",
    "We appeciate for any feedbacks, please submit your feedbacks": "我們真誠的感謝您的任何反饋，您可以在這裡提交反饋意見",
    "here": "(點擊這裡)",
    ", and you will have a chance to get TIFI airdrop!": "，您就有機會獲得TIFI空投獎勵！",
    "Haven’t got a crypto wallet yet?": "還不知道怎麼用加密貨幣錢包？",
    "Learn How to Connect": "了解一下怎麼用！",
    "More": "其他錢包",
    "Price Chart": "價格走勢圖",
    "The market price chart from public exchanges. It shows the historical prices and the latest price in the chart may not be the same as the price show on the right panel of the page. The data chart may be incomplete due to data source provider.": "該走勢圖基於公開數據源顯示了歷史數據和當前價格，由於數據的實時性，該圖上的價格可能和右邊顯示的價格略有不同。由於公共數據源的問題，該走勢圖數據可能會不完整。",
    "24H": "24小時",
    "7D": "7天",
    "14D": "14天",
    "30D": "30天",
    "1Y": "一年",
    "Term of Use": "使用條款",
    "Privacy Policy": "隱私條款",
    "Cookies Policy": "Cookie條款",
    "Disclaimer": "免責聲明",
    "FAQ": "常見問題",
    "Contact Us": "聯繫我們",
    "All rights reserved.": "保留所有權利",
    "Balance": "餘額",
    "The number is invalid, maybe too big?": "不是有效的數字，是不是太大了？",
    "You are not on the BSC main net. Please switch to the main net.": "您沒有連上幣安智能鏈（BSC），請連接。",
    "You have selected the same tokens, please select a different token.": "您選了兩個一樣的幣，請選擇不同的幣。",
    "The pair doesn't exist, please select another pair.": "資金池不存在，請選擇其他的加密貨幣配對。",
    "Not enough balance for the transaction.": "非常抱歉，您的餘額不足以完成這次交易。",
    "Transaction rejected by user.": "您拒絕了這次交易。",
    "Transaction Submitted!": "交易已提交！",
    "Check Transaction on BSCScan": "在BSCScan上查看該交易。",
    "Swap Success!": "兌換成功！",
    "Approved, now you can swap!": "成功批准，您現在可以兌換了！",
    "Approval Request submitted. Please hold on.": "申請批准已提交，請稍候。",
    "successful added": "添加成功",
    "added failed": "添加失敗",
    "Cannot find address of": "無法找到該幣的地址：",
    ", have you connected MetaMask?": "，請連接到MetaMask。",
    "copied": "已拷貝！",
    "Price": "價格",
    "per": "每",
    "Price Impact Too High": "該交易對價格的影響太高！",
    "Insufficient Liquidity for This Trade": "沒有足夠的資金完成該交易！",
    "Insufficient Balance": "餘額不足！",
    "Swap Fee": "兌換交易手續費",
    "Swap Fee is 0.2%, where:": "手續費為0.2%，其中：",
    "0.18% is paid to LP Providers": "0.18%付給流動資金的提供者",
    "0.02% to the TiFi treasury": "0.02%為TiFi的項目資金",
    "Price Impact": "該交易對價格的影響",
    "The difference between the market price and estimated price due to trade size.": "根據交易量的大小，預估的價值和目前的市場價值會有所差別。",
    "Route": "兌換路徑",
    "Routing through these tokens resulted in the best price for your trade.": "為了以最低價值兌換幣，系統找到的最佳兌換路徑。",
    "TIFI Sell Fee": "TIFI賣出手續費",
    "There is 2% of fee when selling TIFI, check ": "賣出TIFI時有2%的手續費，請參看",
    "TiFi Token Whitepaper": "TIFI白皮書",
    " for more details.": "以了解更多信息",
    "TIFI Buy Fee": "TIFI買入手續費",
    "There is 1% of fee when buying TIFI, check ": "買入TIFI時有1%的手續費，請參看",
    "Swap from": "您想用什麼幣兌換？",
    "Swap to": "您想兌換成什麼幣？",
    "Select the first token": "請選擇第一個幣",
    "Select the second token": "請選擇第二個幣",
    "Only tokens that paired with ": "只有和",
    " are listed": "有配對的幣會列出來",
    "The following tokens are listed in TiFi Bank": "TiFi銀行目前支持以下代幣",
    "Stay Tuned!": "敬請期待！",
    "TiFi Bank Portfolio Page will be available in August 2022!": "TiFi銀行的資金總覽功能會在2022年八月推出！",
    "TiFi Bank Staking will be available in August 2022!": "TiFi銀行的質押獲利功能會在2022年八月推出！",
    "Your Liquidity": "您提供的流動資金",
    "Connect to a wallet to view your liquidity.": "連接錢包可以查看您提供的流動資金。",
    "Add Liquidity": "添加流動資金",
    "Enter Amount": "請輸入金額",
    "Approved! Now you can remove liquidity.": "已批准，現在您可以從池子裡移除流動資金！",
    "Liquidity Removal Success!": "您已成功從池子裡移除流動資金！",
    "Remove": "移除",
    "liquidity": "流動資金",
    "To receive": "您會收到",
    "and": "和",
    "Amount (LP Tokens to Remove / Total)": "流動資金池代幣的數量（要移除的量/總量）",
    "Max": "全部",
    "You will Receive": "您會收到",
    "Pooled": "池子裡的",
    "Enable": "批准",
    "Liquidity Pool Token Balance": "流動資金池代幣餘額",
    "Share of pool": "佔資金池的比例",
    "Add liquidity instead": "添加流動資金",
    "No liquidity found": "目前沒有流動資金",
    "Approved! Now you can add liquidity.": "已批准，現在您可以向池子裡添加流動資金！",
    "Liquidity Provision Success!": "流動資金添加成功！",
    "Tip: By adding liquidity you'll earn 0.18% of all trades on this pair proportional to your share of the pool. Fees are added to the pool, accrue in real time and can be claimed by withdrawing your liquidity.": "提示：向池子中添加流動資金後，您會按持有的資金池比例獲得交易量0.18%的獎勵，該獎勵會根據交易的發生實時積累，您可以在取走資金時獲得這些獎勵。",
    "Input": "提供",
    "Select a token": "請選擇一種幣",
    "Price and pool share": "價格和池子佔有比例",
    "Insufficent balance": "餘額不足",
    "Supply": "提供資金",
    "Connect to a wallet to add liquidity.": "連接錢包以提供流動資金。",
    "Insufficient balance to perform this transaction.": "因餘額不足交易無法執行。"
}