[
			{
				"inputs": [],
				"stateMutability": "nonpayable",
				"type": "constructor"
			},
			{
				"inputs": [],
				"name": "getResult",
				"outputs": [
					{
						"internalType": "uint256",
						"name": "",
						"type": "uint256"
					}
				],
				"stateMutability": "view",
				"type": "function"
			},
			{
				"inputs": [
					{
						"internalType": "uint256",
						"name": "a",
						"type": "uint256"
					},
					{
						"internalType": "uint256",
						"name": "b",
						"type": "uint256"
					}
				],
				"name": "setResult",
				"outputs": [],
				"stateMutability": "nonpayable",
				"type": "function"
			}
		]